"","source","target","ligand","receptor","prob","pval","interaction_name","interaction_name_2","pathway_name","annotation","evidence"
"1","B cells 1","B cells 1","TGFB1","TGFbR1_R2",0.000130937914719039,0,"TGFB1_TGFBR1_TGFBR2","TGFB1 - (TGFBR1+TGFBR2)","TGFb","Secreted Signaling","KEGG: hsa04350"
"2","Hematopoietic Stem cells 1","B cells 1","TGFB1","TGFbR1_R2",4.85170512263556e-05,0,"TGFB1_TGFBR1_TGFBR2","TGFB1 - (TGFBR1+TGFBR2)","TGFb","Secreted Signaling","KEGG: hsa04350"
"3","Hematopoietic Stem cells 2","B cells 1","TGFB1","TGFbR1_R2",8.02063310660373e-05,0,"TGFB1_TGFBR1_TGFBR2","TGFB1 - (TGFBR1+TGFBR2)","TGFb","Secreted Signaling","KEGG: hsa04350"
"4","Hematopoietic Stem cells 3","B cells 1","TGFB1","TGFbR1_R2",2.57912796224734e-05,0,"TGFB1_TGFBR1_TGFBR2","TGFB1 - (TGFBR1+TGFBR2)","TGFb","Secreted Signaling","KEGG: hsa04350"
"5","B cells 1","Hematopoietic Stem cells 1","TGFB1","TGFbR1_R2",3.61099017030012e-05,0.01,"TGFB1_TGFBR1_TGFBR2","TGFB1 - (TGFBR1+TGFBR2)","TGFb","Secreted Signaling","KEGG: hsa04350"
"6","Hematopoietic Stem cells 1","Hematopoietic Stem cells 1","TGFB1","TGFbR1_R2",1.33800180404384e-05,0,"TGFB1_TGFBR1_TGFBR2","TGFB1 - (TGFBR1+TGFBR2)","TGFb","Secreted Signaling","KEGG: hsa04350"
"7","Hematopoietic Stem cells 2","Hematopoietic Stem cells 1","TGFB1","TGFbR1_R2",2.21192062395284e-05,0.01,"TGFB1_TGFBR1_TGFBR2","TGFB1 - (TGFBR1+TGFBR2)","TGFb","Secreted Signaling","KEGG: hsa04350"
"8","Hematopoietic Stem cells 3","Hematopoietic Stem cells 1","TGFB1","TGFbR1_R2",7.11274457105448e-06,0,"TGFB1_TGFBR1_TGFBR2","TGFB1 - (TGFBR1+TGFBR2)","TGFb","Secreted Signaling","KEGG: hsa04350"
"9","B cells 1","B cells 1","TGFB1","ACVR1B_TGFbR2",2.38072917311703e-05,0,"TGFB1_ACVR1B_TGFBR2","TGFB1 - (ACVR1B+TGFBR2)","TGFb","Secreted Signaling","PMID: 27449815"
"10","Hematopoietic Stem cells 1","B cells 1","TGFB1","ACVR1B_TGFbR2",8.8215279402303e-06,0,"TGFB1_ACVR1B_TGFBR2","TGFB1 - (ACVR1B+TGFBR2)","TGFb","Secreted Signaling","PMID: 27449815"
"11","Hematopoietic Stem cells 2","B cells 1","TGFB1","ACVR1B_TGFbR2",1.45832133334482e-05,0,"TGFB1_ACVR1B_TGFBR2","TGFB1 - (ACVR1B+TGFBR2)","TGFb","Secreted Signaling","PMID: 27449815"
"12","Hematopoietic Stem cells 3","B cells 1","TGFB1","ACVR1B_TGFbR2",4.68952895653584e-06,0,"TGFB1_ACVR1B_TGFBR2","TGFB1 - (ACVR1B+TGFBR2)","TGFb","Secreted Signaling","PMID: 27449815"
"13","B cells 1","Hematopoietic Stem cells 1","TGFB1","ACVR1B_TGFbR2",7.41803197250002e-06,0,"TGFB1_ACVR1B_TGFBR2","TGFB1 - (ACVR1B+TGFBR2)","TGFb","Secreted Signaling","PMID: 27449815"
"14","Hematopoietic Stem cells 1","Hematopoietic Stem cells 1","TGFB1","ACVR1B_TGFbR2",2.74867044126705e-06,0,"TGFB1_ACVR1B_TGFBR2","TGFB1 - (ACVR1B+TGFBR2)","TGFb","Secreted Signaling","PMID: 27449815"
"15","Hematopoietic Stem cells 2","Hematopoietic Stem cells 1","TGFB1","ACVR1B_TGFbR2",4.54393317932515e-06,0,"TGFB1_ACVR1B_TGFBR2","TGFB1 - (ACVR1B+TGFBR2)","TGFb","Secreted Signaling","PMID: 27449815"
"16","Hematopoietic Stem cells 3","Hematopoietic Stem cells 1","TGFB1","ACVR1B_TGFbR2",1.46119539785033e-06,0,"TGFB1_ACVR1B_TGFBR2","TGFB1 - (ACVR1B+TGFBR2)","TGFb","Secreted Signaling","PMID: 27449815"
"17","B cells 1","B cells 1","TGFB1","ACVR1_TGFbR",2.7063078353783e-05,0,"TGFB1_ACVR1_TGFBR1","TGFB1 - (ACVR1+TGFBR1)","TGFb","Secreted Signaling","PMID: 29376829"
"18","Hematopoietic Stem cells 1","B cells 1","TGFB1","ACVR1_TGFbR",1.0025770896553e-05,0,"TGFB1_ACVR1_TGFBR1","TGFB1 - (ACVR1+TGFBR1)","TGFb","Secreted Signaling","PMID: 29376829"
"19","Hematopoietic Stem cells 2","B cells 1","TGFB1","ACVR1_TGFbR",1.6577567429716e-05,0,"TGFB1_ACVR1_TGFBR1","TGFB1 - (ACVR1+TGFBR1)","TGFb","Secreted Signaling","PMID: 29376829"
"20","Hematopoietic Stem cells 3","B cells 1","TGFB1","ACVR1_TGFbR",5.32991654432528e-06,0,"TGFB1_ACVR1_TGFBR1","TGFB1 - (ACVR1+TGFBR1)","TGFb","Secreted Signaling","PMID: 29376829"
"21","B cells 1","Hematopoietic Stem cells 1","TGFB1","ACVR1_TGFbR",8.57883756503608e-06,0,"TGFB1_ACVR1_TGFBR1","TGFB1 - (ACVR1+TGFBR1)","TGFb","Secreted Signaling","PMID: 29376829"
"22","Hematopoietic Stem cells 1","Hematopoietic Stem cells 1","TGFB1","ACVR1_TGFbR",3.17811186264899e-06,0,"TGFB1_ACVR1_TGFBR1","TGFB1 - (ACVR1+TGFBR1)","TGFb","Secreted Signaling","PMID: 29376829"
"23","Hematopoietic Stem cells 2","Hematopoietic Stem cells 1","TGFB1","ACVR1_TGFbR",5.25499192642932e-06,0,"TGFB1_ACVR1_TGFBR1","TGFB1 - (ACVR1+TGFBR1)","TGFb","Secreted Signaling","PMID: 29376829"
"24","Hematopoietic Stem cells 3","Hematopoietic Stem cells 1","TGFB1","ACVR1_TGFbR",1.68955382203219e-06,0,"TGFB1_ACVR1_TGFBR1","TGFB1 - (ACVR1+TGFBR1)","TGFb","Secreted Signaling","PMID: 29376829"
"25","B cells 1","B cells 1","FGF5","FGFR1",9.31382257145664e-10,0,"FGF5_FGFR1","FGF5 - FGFR1","FGF","Secreted Signaling","PMC: 4393358"
"26","Hematopoietic Stem cells 1","B cells 1","FGF5","FGFR1",1.93307534395145e-08,0,"FGF5_FGFR1","FGF5 - FGFR1","FGF","Secreted Signaling","PMC: 4393358"
"27","B cells 1","Hematopoietic Stem cells 1","FGF5","FGFR1",3.16077591233749e-08,0,"FGF5_FGFR1","FGF5 - FGFR1","FGF","Secreted Signaling","PMC: 4393358"
"28","Hematopoietic Stem cells 1","Hematopoietic Stem cells 1","FGF5","FGFR1",6.56001259308496e-07,0,"FGF5_FGFR1","FGF5 - FGFR1","FGF","Secreted Signaling","PMC: 4393358"
"29","Hematopoietic Stem cells 2","Hematopoietic Stem cells 1","FGF5","FGFR1",7.35988107298842e-09,0,"FGF5_FGFR1","FGF5 - FGFR1","FGF","Secreted Signaling","PMC: 4393358"
"30","Hematopoietic Stem cells 3","Hematopoietic Stem cells 1","FGF5","FGFR1",3.35185435946514e-09,0,"FGF5_FGFR1","FGF5 - FGFR1","FGF","Secreted Signaling","PMC: 4393358"
"31","Hematopoietic Stem cells 1","Hematopoietic Stem cells 2","FGF5","FGFR1",4.91094955076347e-09,0,"FGF5_FGFR1","FGF5 - FGFR1","FGF","Secreted Signaling","PMC: 4393358"
"32","Hematopoietic Stem cells 1","Hematopoietic Stem cells 3","FGF5","FGFR1",2.35593827461805e-09,0.04,"FGF5_FGFR1","FGF5 - FGFR1","FGF","Secreted Signaling","PMC: 4393358"
"33","B cells 1","B cells 1","PDGFA","PDGFRB",4.77080676499984e-06,0,"PDGFA_PDGFRB","PDGFA - PDGFRB","PDGF","Secreted Signaling","PMID: 15207812"
"34","Hematopoietic Stem cells 1","B cells 1","PDGFA","PDGFRB",1.72118694939311e-06,0,"PDGFA_PDGFRB","PDGFA - PDGFRB","PDGF","Secreted Signaling","PMID: 15207812"
"35","Hematopoietic Stem cells 3","B cells 1","PDGFA","PDGFRB",8.8493383027313e-07,0,"PDGFA_PDGFRB","PDGFA - PDGFRB","PDGF","Secreted Signaling","PMID: 15207812"
"36","B cells 1","B cells 1","VEGFA","FLT1",1.67760375682601e-08,0,"VEGFA_VEGFR1","VEGFA - VEGFR1","VEGF","Secreted Signaling","KEGG: hsa04370; PMID: 16633338"
"37","Hematopoietic Stem cells 1","B cells 1","VEGFA","FLT1",7.54716933286522e-09,0,"VEGFA_VEGFR1","VEGFA - VEGFR1","VEGF","Secreted Signaling","KEGG: hsa04370; PMID: 16633338"
"38","B cells 1","Hematopoietic Stem cells 1","VEGFA","FLT1",7.24603767924059e-09,0,"VEGFA_VEGFR1","VEGFA - VEGFR1","VEGF","Secreted Signaling","KEGG: hsa04370; PMID: 16633338"
"39","Hematopoietic Stem cells 1","Hematopoietic Stem cells 1","VEGFA","FLT1",3.25983254009628e-09,0,"VEGFA_VEGFR1","VEGFA - VEGFR1","VEGF","Secreted Signaling","KEGG: hsa04370; PMID: 16633338"
"40","Hematopoietic Stem cells 3","Hematopoietic Stem cells 1","VEGFA","FLT1",1.21310230608004e-09,0.02,"VEGFA_VEGFR1","VEGFA - VEGFR1","VEGF","Secreted Signaling","KEGG: hsa04370; PMID: 16633338"
"41","B cells 1","B cells 1","VEGFB","FLT1",1.45187145867495e-08,0,"VEGFB_VEGFR1","VEGFB - VEGFR1","VEGF","Secreted Signaling","KEGG: hsa04370; PMID: 16633338"
"42","Hematopoietic Stem cells 1","B cells 1","VEGFB","FLT1",6.27103705118952e-09,0,"VEGFB_VEGFR1","VEGFB - VEGFR1","VEGF","Secreted Signaling","KEGG: hsa04370; PMID: 16633338"
"43","B cells 1","Hematopoietic Stem cells 1","VEGFB","FLT1",6.27103705118950e-09,0,"VEGFB_VEGFR1","VEGFB - VEGFR1","VEGF","Secreted Signaling","KEGG: hsa04370; PMID: 16633338"
"44","Hematopoietic Stem cells 1","Hematopoietic Stem cells 1","VEGFB","FLT1",2.70863549001865e-09,0,"VEGFB_VEGFR1","VEGFB - VEGFR1","VEGF","Secreted Signaling","KEGG: hsa04370; PMID: 16633338"
"45","B cells 1","B cells 1","PGF","FLT1",1.10610950771939e-08,0,"PGF_VEGFR1","PGF - VEGFR1","VEGF","Secreted Signaling","KEGG: hsa04370; PMID: 16633338"
"46","Hematopoietic Stem cells 1","B cells 1","PGF","FLT1",4.90497519071873e-09,0,"PGF_VEGFR1","PGF - VEGFR1","VEGF","Secreted Signaling","KEGG: hsa04370; PMID: 16633338"
"47","B cells 1","Hematopoietic Stem cells 1","PGF","FLT1",4.77759493489959e-09,0,"PGF_VEGFR1","PGF - VEGFR1","VEGF","Secreted Signaling","KEGG: hsa04370; PMID: 16633338"
"48","Hematopoietic Stem cells 1","Hematopoietic Stem cells 1","PGF","FLT1",2.11859534805939e-09,0,"PGF_VEGFR1","PGF - VEGFR1","VEGF","Secreted Signaling","KEGG: hsa04370; PMID: 16633338"
"49","Hematopoietic Stem cells 3","Hematopoietic Stem cells 1","PGF","FLT1",8.2350147485608e-10,0,"PGF_VEGFR1","PGF - VEGFR1","VEGF","Secreted Signaling","KEGG: hsa04370; PMID: 16633338"
"50","Hematopoietic Stem cells 1","B cells 1","IGF2","IGF2R",1.16219945323901e-08,0,"IGF2_IGF2R","IGF2 - IGF2R","IGF","Secreted Signaling","PMID: 14604834"
"51","B cells 1","Hematopoietic Stem cells 1","IGF2","IGF2R",1.2472846293469e-08,0,"IGF2_IGF2R","IGF2 - IGF2R","IGF","Secreted Signaling","PMID: 14604834"
"52","Hematopoietic Stem cells 1","Hematopoietic Stem cells 1","IGF2","IGF2R",6.1244617682073e-09,0,"IGF2_IGF2R","IGF2 - IGF2R","IGF","Secreted Signaling","PMID: 14604834"
"53","Hematopoietic Stem cells 1","Hematopoietic Stem cells 3","IGF2","IGF2R",2.28408792581158e-09,0,"IGF2_IGF2R","IGF2 - IGF2R","IGF","Secreted Signaling","PMID: 14604834"
"54","Hematopoietic Stem cells 1","B cells 1","IGF2","ITGA6_ITGB4",4.19096779792587e-07,0,"IGF2_ITGA6_ITGB4","IGF2 - (ITGA6+ITGB4)","IGF","Secreted Signaling","PMID: 28190785; PMID: 28873464"
"55","Hematopoietic Stem cells 1","Hematopoietic Stem cells 1","IGF2","ITGA6_ITGB4",1.4720763384061e-07,0,"IGF2_ITGA6_ITGB4","IGF2 - (ITGA6+ITGB4)","IGF","Secreted Signaling","PMID: 28190785; PMID: 28873464"
"56","Hematopoietic Stem cells 1","Hematopoietic Stem cells 2","IGF2","ITGA6_ITGB4",2.53644696761533e-07,0,"IGF2_ITGA6_ITGB4","IGF2 - (ITGA6+ITGB4)","IGF","Secreted Signaling","PMID: 28190785; PMID: 28873464"
"57","Hematopoietic Stem cells 1","Hematopoietic Stem cells 3","IGF2","ITGA6_ITGB4",7.42759242739234e-08,0,"IGF2_ITGA6_ITGB4","IGF2 - (ITGA6+ITGB4)","IGF","Secreted Signaling","PMID: 28190785; PMID: 28873464"
"58","Hematopoietic Stem cells 3","B cells 1","MIF","CD74_CXCR4",0.00285808502401795,0,"MIF_CD74_CXCR4","MIF - (CD74+CXCR4)","MIF","Secreted Signaling","PMID: 29637711; PMID: 24760155"
"59","Hematopoietic Stem cells 3","Hematopoietic Stem cells 1","MIF","CD74_CXCR4",0.000904481159559421,0,"MIF_CD74_CXCR4","MIF - (CD74+CXCR4)","MIF","Secreted Signaling","PMID: 29637711; PMID: 24760155"
"60","B cells 1","Hematopoietic Stem cells 2","MIF","CD74_CXCR4",0.00617895068522388,0,"MIF_CD74_CXCR4","MIF - (CD74+CXCR4)","MIF","Secreted Signaling","PMID: 29637711; PMID: 24760155"
"61","Hematopoietic Stem cells 1","Hematopoietic Stem cells 2","MIF","CD74_CXCR4",0.00223905770425368,0,"MIF_CD74_CXCR4","MIF - (CD74+CXCR4)","MIF","Secreted Signaling","PMID: 29637711; PMID: 24760155"
"62","Hematopoietic Stem cells 2","Hematopoietic Stem cells 2","MIF","CD74_CXCR4",0.00378116170663472,0,"MIF_CD74_CXCR4","MIF - (CD74+CXCR4)","MIF","Secreted Signaling","PMID: 29637711; PMID: 24760155"
"63","Hematopoietic Stem cells 3","Hematopoietic Stem cells 2","MIF","CD74_CXCR4",0.00191955537945588,0,"MIF_CD74_CXCR4","MIF - (CD74+CXCR4)","MIF","Secreted Signaling","PMID: 29637711; PMID: 24760155"
"64","Hematopoietic Stem cells 3","Hematopoietic Stem cells 3","MIF","CD74_CXCR4",0.000426574410041351,0,"MIF_CD74_CXCR4","MIF - (CD74+CXCR4)","MIF","Secreted Signaling","PMID: 29637711; PMID: 24760155"
"65","Hematopoietic Stem cells 3","B cells 1","MIF","CD74_CD44",0.00102045965170698,0,"MIF_CD74_CD44","MIF - (CD74+CD44)","MIF","Secreted Signaling","PMID: 29637711; PMID: 26175090"
"66","Hematopoietic Stem cells 3","Hematopoietic Stem cells 1","MIF","CD74_CD44",0.000358394134561983,0,"MIF_CD74_CD44","MIF - (CD74+CD44)","MIF","Secreted Signaling","PMID: 29637711; PMID: 26175090"
"67","B cells 1","Hematopoietic Stem cells 2","MIF","CD74_CD44",0.00202877432325172,0,"MIF_CD74_CD44","MIF - (CD74+CD44)","MIF","Secreted Signaling","PMID: 29637711; PMID: 26175090"
"68","Hematopoietic Stem cells 1","Hematopoietic Stem cells 2","MIF","CD74_CD44",0.000735163176208937,0,"MIF_CD74_CD44","MIF - (CD74+CD44)","MIF","Secreted Signaling","PMID: 29637711; PMID: 26175090"
"69","Hematopoietic Stem cells 2","Hematopoietic Stem cells 2","MIF","CD74_CD44",0.00124145276761624,0,"MIF_CD74_CD44","MIF - (CD74+CD44)","MIF","Secreted Signaling","PMID: 29637711; PMID: 26175090"
"70","Hematopoietic Stem cells 3","Hematopoietic Stem cells 2","MIF","CD74_CD44",0.000644452608489189,0,"MIF_CD74_CD44","MIF - (CD74+CD44)","MIF","Secreted Signaling","PMID: 29637711; PMID: 26175090"
"71","Hematopoietic Stem cells 3","Hematopoietic Stem cells 3","MIF","CD74_CD44",0.000188886414098969,0,"MIF_CD74_CD44","MIF - (CD74+CD44)","MIF","Secreted Signaling","PMID: 29637711; PMID: 26175090"
"72","B cells 1","B cells 1","MIF","CD74_CXCR2",6.48121214389114e-05,0,"MIF_CD74_CXCR2","MIF - (CD74+CXCR2)","MIF","Secreted Signaling","PMID: 29637711; PMID: 26175090"
"73","Hematopoietic Stem cells 1","B cells 1","MIF","CD74_CXCR2",2.3485833547169e-05,0,"MIF_CD74_CXCR2","MIF - (CD74+CXCR2)","MIF","Secreted Signaling","PMID: 29637711; PMID: 26175090"
"74","Hematopoietic Stem cells 2","B cells 1","MIF","CD74_CXCR2",3.96593835754197e-05,0,"MIF_CD74_CXCR2","MIF - (CD74+CXCR2)","MIF","Secreted Signaling","PMID: 29637711; PMID: 26175090"
"75","Hematopoietic Stem cells 3","B cells 1","MIF","CD74_CXCR2",2.08125924475448e-05,0,"MIF_CD74_CXCR2","MIF - (CD74+CXCR2)","MIF","Secreted Signaling","PMID: 29637711; PMID: 26175090"
"76","B cells 1","Hematopoietic Stem cells 1","MIF","CD74_CXCR2",2.56033921059002e-05,0,"MIF_CD74_CXCR2","MIF - (CD74+CXCR2)","MIF","Secreted Signaling","PMID: 29637711; PMID: 26175090"
"77","Hematopoietic Stem cells 1","Hematopoietic Stem cells 1","MIF","CD74_CXCR2",9.27784791718296e-06,0,"MIF_CD74_CXCR2","MIF - (CD74+CXCR2)","MIF","Secreted Signaling","PMID: 29637711; PMID: 26175090"
"78","Hematopoietic Stem cells 2","Hematopoietic Stem cells 1","MIF","CD74_CXCR2",1.56670504553106e-05,0,"MIF_CD74_CXCR2","MIF - (CD74+CXCR2)","MIF","Secreted Signaling","PMID: 29637711; PMID: 26175090"
"79","Hematopoietic Stem cells 3","Hematopoietic Stem cells 1","MIF","CD74_CXCR2",8.22164891552248e-06,0,"MIF_CD74_CXCR2","MIF - (CD74+CXCR2)","MIF","Secreted Signaling","PMID: 29637711; PMID: 26175090"
"80","Hematopoietic Stem cells 3","Hematopoietic Stem cells 2","MIF","CD74_CXCR2",1.06402165613194e-05,0,"MIF_CD74_CXCR2","MIF - (CD74+CXCR2)","MIF","Secreted Signaling","PMID: 29637711; PMID: 26175090"
"81","Hematopoietic Stem cells 3","Hematopoietic Stem cells 3","MIF","CD74_CXCR2",3.63281571955197e-06,0,"MIF_CD74_CXCR2","MIF - (CD74+CXCR2)","MIF","Secreted Signaling","PMID: 29637711; PMID: 26175090"
"82","B cells 1","B cells 1","IL1B","IL1R1_IL1RAP",0.00049146514421365,0,"IL1B_IL1R1_IL1RAP","IL1B - (IL1R1+IL1RAP)","IL1","Secreted Signaling","KEGG: hsa04060"
"83","Hematopoietic Stem cells 1","B cells 1","IL1B","IL1R1_IL1RAP",0.000178100549208825,0,"IL1B_IL1R1_IL1RAP","IL1B - (IL1R1+IL1RAP)","IL1","Secreted Signaling","KEGG: hsa04060"
"84","Hematopoietic Stem cells 2","B cells 1","IL1B","IL1R1_IL1RAP",8.46921546219824e-05,0.03,"IL1B_IL1R1_IL1RAP","IL1B - (IL1R1+IL1RAP)","IL1","Secreted Signaling","KEGG: hsa04060"
"85","B cells 1","Hematopoietic Stem cells 1","IL1B","IL1R1_IL1RAP",0.000178246718312605,0,"IL1B_IL1R1_IL1RAP","IL1B - (IL1R1+IL1RAP)","IL1","Secreted Signaling","KEGG: hsa04060"
"86","Hematopoietic Stem cells 1","Hematopoietic Stem cells 1","IL1B","IL1R1_IL1RAP",6.45942826224635e-05,0,"IL1B_IL1R1_IL1RAP","IL1B - (IL1R1+IL1RAP)","IL1","Secreted Signaling","KEGG: hsa04060"
"87","B cells 1","Hematopoietic Stem cells 2","IL1B","IL1R1_IL1RAP",8.50195309190536e-05,0,"IL1B_IL1R1_IL1RAP","IL1B - (IL1R1+IL1RAP)","IL1","Secreted Signaling","KEGG: hsa04060"
"88","B cells 1","Hematopoietic Stem cells 3","IL1B","IL1R1_IL1RAP",2.6275794210658e-05,0.01,"IL1B_IL1R1_IL1RAP","IL1B - (IL1R1+IL1RAP)","IL1","Secreted Signaling","KEGG: hsa04060"
"89","B cells 1","B cells 1","IL1B","IL1R2",0.000958244629922726,0,"IL1B_IL1R2","IL1B - IL1R2","IL1","Secreted Signaling","KEGG: hsa04060"
"90","Hematopoietic Stem cells 1","B cells 1","IL1B","IL1R2",0.000347260467837349,0,"IL1B_IL1R2","IL1B - IL1R2","IL1","Secreted Signaling","KEGG: hsa04060"
"91","Hematopoietic Stem cells 2","B cells 1","IL1B","IL1R2",0.000164281800471676,0.02,"IL1B_IL1R2","IL1B - IL1R2","IL1","Secreted Signaling","KEGG: hsa04060"
"92","B cells 1","Hematopoietic Stem cells 1","IL1B","IL1R2",0.000347268996278742,0,"IL1B_IL1R2","IL1B - IL1R2","IL1","Secreted Signaling","KEGG: hsa04060"
"93","Hematopoietic Stem cells 1","Hematopoietic Stem cells 1","IL1B","IL1R2",0.00012584760753851,0,"IL1B_IL1R2","IL1B - IL1R2","IL1","Secreted Signaling","KEGG: hsa04060"
"94","B cells 1","Hematopoietic Stem cells 2","IL1B","IL1R2",0.000164299627023915,0.03,"IL1B_IL1R2","IL1B - IL1R2","IL1","Secreted Signaling","KEGG: hsa04060"
"95","B cells 1","Hematopoietic Stem cells 3","IL1B","IL1R2",5.01560518620636e-05,0.02,"IL1B_IL1R2","IL1B - IL1R2","IL1","Secreted Signaling","KEGG: hsa04060"
"96","B cells 1","Hematopoietic Stem cells 1","TNF","TNFRSF1A",0.000149321668490299,0,"TNF_TNFRSF1A","TNF - TNFRSF1A","TNF","Secreted Signaling","KEGG: hsa04060"
"97","Hematopoietic Stem cells 1","Hematopoietic Stem cells 1","TNF","TNFRSF1A",5.41115513400582e-05,0,"TNF_TNFRSF1A","TNF - TNFRSF1A","TNF","Secreted Signaling","KEGG: hsa04060"
"98","B cells 1","Hematopoietic Stem cells 1","TNF","TNFRSF1B",5.24504507173845e-06,0,"TNF_TNFRSF1B","TNF - TNFRSF1B","TNF","Secreted Signaling","KEGG: hsa04060"
"99","Hematopoietic Stem cells 1","Hematopoietic Stem cells 1","TNF","TNFRSF1B",1.90071225797168e-06,0,"TNF_TNFRSF1B","TNF - TNFRSF1B","TNF","Secreted Signaling","KEGG: hsa04060"
"100","B cells 1","Hematopoietic Stem cells 1","LTA","TNFRSF1A",7.82149582818766e-05,0,"LTA_TNFRSF1A","LTA - TNFRSF1A","LT","Secreted Signaling","KEGG: hsa04060"
"101","Hematopoietic Stem cells 1","Hematopoietic Stem cells 1","LTA","TNFRSF1A",2.84760592768214e-05,0,"LTA_TNFRSF1A","LTA - TNFRSF1A","LT","Secreted Signaling","KEGG: hsa04060"
"102","Hematopoietic Stem cells 2","Hematopoietic Stem cells 1","LTA","TNFRSF1A",5.32402501341513e-05,0,"LTA_TNFRSF1A","LTA - TNFRSF1A","LT","Secreted Signaling","KEGG: hsa04060"
"103","Hematopoietic Stem cells 3","Hematopoietic Stem cells 1","LTA","TNFRSF1A",1.4446793502345e-05,0,"LTA_TNFRSF1A","LTA - TNFRSF1A","LT","Secreted Signaling","KEGG: hsa04060"
"104","B cells 1","Hematopoietic Stem cells 1","LTA","TNFRSF1B",2.74493073329185e-06,0,"LTA_TNFRSF1B","LTA - TNFRSF1B","LT","Secreted Signaling","KEGG: hsa04060"
"105","Hematopoietic Stem cells 1","Hematopoietic Stem cells 1","LTA","TNFRSF1B",9.99363389312489e-07,0,"LTA_TNFRSF1B","LTA - TNFRSF1B","LT","Secreted Signaling","KEGG: hsa04060"
"106","Hematopoietic Stem cells 2","Hematopoietic Stem cells 1","LTA","TNFRSF1B",1.86865331827977e-06,0,"LTA_TNFRSF1B","LTA - TNFRSF1B","LT","Secreted Signaling","KEGG: hsa04060"
"107","Hematopoietic Stem cells 3","Hematopoietic Stem cells 1","LTA","TNFRSF1B",5.0700030300085e-07,0,"LTA_TNFRSF1B","LTA - TNFRSF1B","LT","Secreted Signaling","KEGG: hsa04060"
"108","B cells 1","Hematopoietic Stem cells 1","LTA","TNFRSF14",1.33373111729455e-06,0,"LTA_TNFRSF14","LTA - TNFRSF14","LT","Secreted Signaling","KEGG: hsa04060"
"109","Hematopoietic Stem cells 1","Hematopoietic Stem cells 1","LTA","TNFRSF14",4.85579525562698e-07,0,"LTA_TNFRSF14","LTA - TNFRSF14","LT","Secreted Signaling","KEGG: hsa04060"
"110","Hematopoietic Stem cells 2","Hematopoietic Stem cells 1","LTA","TNFRSF14",9.0795957063818e-07,0,"LTA_TNFRSF14","LTA - TNFRSF14","LT","Secreted Signaling","KEGG: hsa04060"
"111","Hematopoietic Stem cells 3","Hematopoietic Stem cells 1","LTA","TNFRSF14",2.4634572090122e-07,0,"LTA_TNFRSF14","LTA - TNFRSF14","LT","Secreted Signaling","KEGG: hsa04060"
"112","Hematopoietic Stem cells 1","B cells 1","TNFSF10","TNFRSF10A",1.7399639243576e-08,0,"TNFSF10_TNFRSF10B","TNFSF10 - TNFRSF10B","TRAIL","Secreted Signaling","KEGG: hsa04060"
"113","B cells 1","Hematopoietic Stem cells 1","TNFSF10","TNFRSF10A",1.7399639243576e-08,0,"TNFSF10_TNFRSF10B","TNFSF10 - TNFRSF10B","TRAIL","Secreted Signaling","KEGG: hsa04060"
"114","Hematopoietic Stem cells 1","Hematopoietic Stem cells 1","TNFSF10","TNFRSF10A",6.98215927888176e-09,0,"TNFSF10_TNFRSF10B","TNFSF10 - TNFRSF10B","TRAIL","Secreted Signaling","KEGG: hsa04060"
"115","B cells 1","B cells 1","TNFSF13B","TNFRSF17",1.42038356556462e-09,0,"TNFSF13B_TNFRSF17","TNFSF13B - TNFRSF17","BAFF","Secreted Signaling","KEGG: hsa04060"
"116","Hematopoietic Stem cells 1","B cells 1","TNFSF13B","TNFRSF17",2.91181851749967e-08,0,"TNFSF13B_TNFRSF17","TNFSF13B - TNFRSF17","BAFF","Secreted Signaling","KEGG: hsa04060"
"117","B cells 1","Hematopoietic Stem cells 1","TNFSF13B","TNFRSF17",2.91189130605333e-08,0,"TNFSF13B_TNFRSF17","TNFSF13B - TNFRSF17","BAFF","Secreted Signaling","KEGG: hsa04060"
"118","Hematopoietic Stem cells 1","Hematopoietic Stem cells 1","TNFSF13B","TNFRSF17",5.96932084442319e-07,0,"TNFSF13B_TNFRSF17","TNFSF13B - TNFRSF17","BAFF","Secreted Signaling","KEGG: hsa04060"
"119","Hematopoietic Stem cells 2","Hematopoietic Stem cells 1","TNFSF13B","TNFRSF17",1.11633006228509e-08,0,"TNFSF13B_TNFRSF17","TNFSF13B - TNFRSF17","BAFF","Secreted Signaling","KEGG: hsa04060"
"120","Hematopoietic Stem cells 3","Hematopoietic Stem cells 1","TNFSF13B","TNFRSF17",3.74062457452981e-09,0,"TNFSF13B_TNFRSF17","TNFSF13B - TNFRSF17","BAFF","Secreted Signaling","KEGG: hsa04060"
"121","Hematopoietic Stem cells 1","Hematopoietic Stem cells 2","TNFSF13B","TNFRSF17",1.11630215737604e-08,0,"TNFSF13B_TNFRSF17","TNFSF13B - TNFRSF17","BAFF","Secreted Signaling","KEGG: hsa04060"
"122","Hematopoietic Stem cells 1","Hematopoietic Stem cells 3","TNFSF13B","TNFRSF17",3.74053107011777e-09,0,"TNFSF13B_TNFRSF17","TNFSF13B - TNFRSF17","BAFF","Secreted Signaling","KEGG: hsa04060"
"123","B cells 1","B cells 1","MDK","ITGA4_ITGB1",0.000522495029772613,0,"MDK_ITGA4_ITGB1","MDK - (ITGA4+ITGB1)","MK","Secreted Signaling","PMID: 28356350"
"124","Hematopoietic Stem cells 1","B cells 1","MDK","ITGA4_ITGB1",0.000565268627505775,0,"MDK_ITGA4_ITGB1","MDK - (ITGA4+ITGB1)","MK","Secreted Signaling","PMID: 28356350"
"125","Hematopoietic Stem cells 3","B cells 1","MDK","ITGA4_ITGB1",9.76197610484256e-05,0,"MDK_ITGA4_ITGB1","MDK - (ITGA4+ITGB1)","MK","Secreted Signaling","PMID: 28356350"
"126","Hematopoietic Stem cells 1","Hematopoietic Stem cells 1","MDK","ITGA4_ITGB1",0.000204290365184531,0,"MDK_ITGA4_ITGB1","MDK - (ITGA4+ITGB1)","MK","Secreted Signaling","PMID: 28356350"
"127","Hematopoietic Stem cells 1","Hematopoietic Stem cells 2","MDK","ITGA4_ITGB1",0.000335270344766182,0,"MDK_ITGA4_ITGB1","MDK - (ITGA4+ITGB1)","MK","Secreted Signaling","PMID: 28356350"
"128","Hematopoietic Stem cells 1","Hematopoietic Stem cells 3","MDK","ITGA4_ITGB1",9.18789385318508e-05,0,"MDK_ITGA4_ITGB1","MDK - (ITGA4+ITGB1)","MK","Secreted Signaling","PMID: 28356350"
"129","Hematopoietic Stem cells 1","B cells 1","MDK","NCL",0.00256039124794893,0,"MDK_NCL","MDK - NCL","MK","Secreted Signaling","PMID: 28356350"
"130","Hematopoietic Stem cells 1","Hematopoietic Stem cells 1","MDK","NCL",0.000927881631490845,0,"MDK_NCL","MDK - NCL","MK","Secreted Signaling","PMID: 28356350"
"131","Hematopoietic Stem cells 1","Hematopoietic Stem cells 2","MDK","NCL",0.00156798362125248,0,"MDK_NCL","MDK - NCL","MK","Secreted Signaling","PMID: 28356350"
"132","B cells 1","Hematopoietic Stem cells 3","MDK","NCL",0.00057458829232075,0,"MDK_NCL","MDK - NCL","MK","Secreted Signaling","PMID: 28356350"
"133","Hematopoietic Stem cells 1","Hematopoietic Stem cells 3","MDK","NCL",0.0006072086412404,0,"MDK_NCL","MDK - NCL","MK","Secreted Signaling","PMID: 28356350"
"134","Hematopoietic Stem cells 3","Hematopoietic Stem cells 3","MDK","NCL",0.000107352546151463,0,"MDK_NCL","MDK - NCL","MK","Secreted Signaling","PMID: 28356350"
"135","B cells 1","B cells 1","NPPC","NPR2",7.6388431512956e-09,0.01,"NPPC_NPR2","NPPC - NPR2","NPR2","Secreted Signaling","KEGG: hsa04080; PMID: 29934642"
"136","Hematopoietic Stem cells 1","B cells 1","NPPC","NPR2",2.81169621140416e-09,0,"NPPC_NPR2","NPPC - NPR2","NPR2","Secreted Signaling","KEGG: hsa04080; PMID: 29934642"
"137","B cells 1","Hematopoietic Stem cells 1","NPPC","NPR2",2.81169621140416e-09,0,"NPPC_NPR2","NPPC - NPR2","NPR2","Secreted Signaling","KEGG: hsa04080; PMID: 29934642"
"138","Hematopoietic Stem cells 1","Hematopoietic Stem cells 1","NPPC","NPR2",1.03492576409478e-09,0.02,"NPPC_NPR2","NPPC - NPR2","NPR2","Secreted Signaling","KEGG: hsa04080; PMID: 29934642"
"139","B cells 1","B cells 1","LGALS9","PTPRC",0.000770168890696333,0,"LGALS9_CD45","LGALS9 - CD45","GALECTIN","Secreted Signaling","PMID: 30120235"
"140","Hematopoietic Stem cells 1","B cells 1","LGALS9","PTPRC",0.000279095685782119,0,"LGALS9_CD45","LGALS9 - CD45","GALECTIN","Secreted Signaling","PMID: 30120235"
"141","Hematopoietic Stem cells 2","B cells 1","LGALS9","PTPRC",0.000471758624583271,0,"LGALS9_CD45","LGALS9 - CD45","GALECTIN","Secreted Signaling","PMID: 30120235"
"142","Hematopoietic Stem cells 3","B cells 1","LGALS9","PTPRC",0.000143893623465522,0,"LGALS9_CD45","LGALS9 - CD45","GALECTIN","Secreted Signaling","PMID: 30120235"
"143","Hematopoietic Stem cells 1","B cells 1","BTLA","TNFRSF14",3.67882051880506e-09,0,"BTLA_TNFRSF14","BTLA - TNFRSF14","BTLA","Secreted Signaling","PMID: 21941365"
"144","B cells 1","Hematopoietic Stem cells 1","BTLA","TNFRSF14",3.67882051880506e-09,0,"BTLA_TNFRSF14","BTLA - TNFRSF14","BTLA","Secreted Signaling","PMID: 21941365"
"145","Hematopoietic Stem cells 1","Hematopoietic Stem cells 1","BTLA","TNFRSF14",4.20177934168067e-09,0,"BTLA_TNFRSF14","BTLA - TNFRSF14","BTLA","Secreted Signaling","PMID: 21941365"
"146","Hematopoietic Stem cells 2","Hematopoietic Stem cells 1","BTLA","TNFRSF14",2.84609755975355e-09,0,"BTLA_TNFRSF14","BTLA - TNFRSF14","BTLA","Secreted Signaling","PMID: 21941365"
"147","Hematopoietic Stem cells 1","Hematopoietic Stem cells 2","BTLA","TNFRSF14",2.84609755975355e-09,0,"BTLA_TNFRSF14","BTLA - TNFRSF14","BTLA","Secreted Signaling","PMID: 21941365"
"148","Hematopoietic Stem cells 1","B cells 1","LGALS9","CD44",0.000145296455228569,0.03,"LGALS9_CD44","LGALS9 - CD44","GALECTIN","Secreted Signaling","PMID: 25065622"
"149","Hematopoietic Stem cells 2","B cells 1","LGALS9","CD44",0.000245596257367322,0.04,"LGALS9_CD44","LGALS9 - CD44","GALECTIN","Secreted Signaling","PMID: 25065622"
"150","Hematopoietic Stem cells 3","B cells 1","LGALS9","CD44",7.49106291662864e-05,0.04,"LGALS9_CD44","LGALS9 - CD44","GALECTIN","Secreted Signaling","PMID: 25065622"
"151","B cells 1","Hematopoietic Stem cells 1","LGALS9","CD44",0.000145741741504753,0,"LGALS9_CD44","LGALS9 - CD44","GALECTIN","Secreted Signaling","PMID: 25065622"
"152","Hematopoietic Stem cells 1","Hematopoietic Stem cells 1","LGALS9","CD44",5.28142486456095e-05,0,"LGALS9_CD44","LGALS9 - CD44","GALECTIN","Secreted Signaling","PMID: 25065622"
"153","Hematopoietic Stem cells 2","Hematopoietic Stem cells 1","LGALS9","CD44",8.9272527554949e-05,0,"LGALS9_CD44","LGALS9 - CD44","GALECTIN","Secreted Signaling","PMID: 25065622"
"154","Hematopoietic Stem cells 3","Hematopoietic Stem cells 1","LGALS9","CD44",2.72294915162485e-05,0,"LGALS9_CD44","LGALS9 - CD44","GALECTIN","Secreted Signaling","PMID: 25065622"
"155","B cells 1","Hematopoietic Stem cells 3","LGALS9","CD44",7.51430264249178e-05,0,"LGALS9_CD44","LGALS9 - CD44","GALECTIN","Secreted Signaling","PMID: 25065622"
"156","Hematopoietic Stem cells 1","Hematopoietic Stem cells 3","LGALS9","CD44",2.72305136511614e-05,0,"LGALS9_CD44","LGALS9 - CD44","GALECTIN","Secreted Signaling","PMID: 25065622"
"157","Hematopoietic Stem cells 2","Hematopoietic Stem cells 3","LGALS9","CD44",4.60280481612192e-05,0,"LGALS9_CD44","LGALS9 - CD44","GALECTIN","Secreted Signaling","PMID: 25065622"
"158","Hematopoietic Stem cells 3","Hematopoietic Stem cells 3","LGALS9","CD44",1.40392613634016e-05,0,"LGALS9_CD44","LGALS9 - CD44","GALECTIN","Secreted Signaling","PMID: 25065622"
"159","Hematopoietic Stem cells 1","B cells 1","COL1A1","CD44",9.58616310844912e-07,0,"COL1A1_CD44","COL1A1 - CD44","COLLAGEN","ECM-Receptor","KEGG: hsa04512"
"160","B cells 1","Hematopoietic Stem cells 1","COL1A1","CD44",9.2460623339795e-07,0,"COL1A1_CD44","COL1A1 - CD44","COLLAGEN","ECM-Receptor","KEGG: hsa04512"
"161","Hematopoietic Stem cells 1","Hematopoietic Stem cells 1","COL1A1","CD44",3.4845233813162e-07,0,"COL1A1_CD44","COL1A1 - CD44","COLLAGEN","ECM-Receptor","KEGG: hsa04512"
"162","Hematopoietic Stem cells 1","Hematopoietic Stem cells 2","COL1A1","CD44",5.85982867597496e-07,0,"COL1A1_CD44","COL1A1 - CD44","COLLAGEN","ECM-Receptor","KEGG: hsa04512"
"163","B cells 1","Hematopoietic Stem cells 3","COL1A1","CD44",4.76718027321949e-07,0.01,"COL1A1_CD44","COL1A1 - CD44","COLLAGEN","ECM-Receptor","KEGG: hsa04512"
"164","Hematopoietic Stem cells 1","Hematopoietic Stem cells 3","COL1A1","CD44",1.79658653864336e-07,0,"COL1A1_CD44","COL1A1 - CD44","COLLAGEN","ECM-Receptor","KEGG: hsa04512"
"165","Hematopoietic Stem cells 1","B cells 1","APP","CD74",7.42087390154997e-05,0,"APP_CD74","APP - CD74","APP","Cell-Cell Contact","PMID: 19849849"
"166","Hematopoietic Stem cells 2","B cells 1","APP","CD74",0.000112109283359574,0.04,"APP_CD74","APP - CD74","APP","Cell-Cell Contact","PMID: 19849849"
"167","Hematopoietic Stem cells 3","B cells 1","APP","CD74",7.30849169353376e-05,0,"APP_CD74","APP - CD74","APP","Cell-Cell Contact","PMID: 19849849"
"168","Hematopoietic Stem cells 1","Hematopoietic Stem cells 1","APP","CD74",2.51427286604125e-05,0,"APP_CD74","APP - CD74","APP","Cell-Cell Contact","PMID: 19849849"
"169","Hematopoietic Stem cells 3","Hematopoietic Stem cells 1","APP","CD74",2.47633699217454e-05,0,"APP_CD74","APP - CD74","APP","Cell-Cell Contact","PMID: 19849849"
"170","Hematopoietic Stem cells 1","Hematopoietic Stem cells 2","APP","CD74",4.8493458145443e-05,0,"APP_CD74","APP - CD74","APP","Cell-Cell Contact","PMID: 19849849"
"171","Hematopoietic Stem cells 2","Hematopoietic Stem cells 2","APP","CD74",7.32609647669086e-05,0,"APP_CD74","APP - CD74","APP","Cell-Cell Contact","PMID: 19849849"
"172","Hematopoietic Stem cells 3","Hematopoietic Stem cells 2","APP","CD74",4.77562873862945e-05,0,"APP_CD74","APP - CD74","APP","Cell-Cell Contact","PMID: 19849849"
"173","Hematopoietic Stem cells 1","Hematopoietic Stem cells 3","APP","CD74",1.35599919998596e-05,0,"APP_CD74","APP - CD74","APP","Cell-Cell Contact","PMID: 19849849"
"174","Hematopoietic Stem cells 3","Hematopoietic Stem cells 3","APP","CD74",1.33548944880526e-05,0,"APP_CD74","APP - CD74","APP","Cell-Cell Contact","PMID: 19849849"
"175","B cells 1","B cells 1","CD22","PTPRC",0.000399945350856426,0,"CD22_PTPRC","CD22 - PTPRC","CD22","Cell-Cell Contact","KEGG: hsa04514"
"176","Hematopoietic Stem cells 1","B cells 1","CD22","PTPRC",0.000144888985795258,0.03,"CD22_PTPRC","CD22 - PTPRC","CD22","Cell-Cell Contact","KEGG: hsa04514"
"177","B cells 1","B cells 1","FCER2","ITGAM_ITGB2",1.9687816533936e-09,0.01,"FCER2A_ITGAM_ITGB2","FCER2A - (ITGAM+ITGB2)","CD23","Cell-Cell Contact","PMID: 7621072"
"178","Hematopoietic Stem cells 1","B cells 1","FCER2","ITGAM_ITGB2",7.54161343264041e-10,0,"FCER2A_ITGAM_ITGB2","FCER2A - (ITGAM+ITGB2)","CD23","Cell-Cell Contact","PMID: 7621072"
"179","B cells 1","Hematopoietic Stem cells 1","FCER2","ITGAM_ITGB2",7.61956273225544e-10,0.02,"FCER2A_ITGAM_ITGB2","FCER2A - (ITGAM+ITGB2)","CD23","Cell-Cell Contact","PMID: 7621072"
"180","Hematopoietic Stem cells 1","Hematopoietic Stem cells 1","FCER2","ITGAM_ITGB2",2.91874909293889e-10,0.02,"FCER2A_ITGAM_ITGB2","FCER2A - (ITGAM+ITGB2)","CD23","Cell-Cell Contact","PMID: 7621072"
"181","Hematopoietic Stem cells 1","Hematopoietic Stem cells 2","FCER2","ITGAM_ITGB2",4.43723688685366e-10,0.01,"FCER2A_ITGAM_ITGB2","FCER2A - (ITGAM+ITGB2)","CD23","Cell-Cell Contact","PMID: 7621072"
"182","B cells 1","Hematopoietic Stem cells 3","FCER2","ITGAM_ITGB2",6.03866352740423e-10,0,"FCER2A_ITGAM_ITGB2","FCER2A - (ITGAM+ITGB2)","CD23","Cell-Cell Contact","PMID: 7621072"
"183","Hematopoietic Stem cells 1","Hematopoietic Stem cells 3","FCER2","ITGAM_ITGB2",2.31316996882952e-10,0,"FCER2A_ITGAM_ITGB2","FCER2A - (ITGAM+ITGB2)","CD23","Cell-Cell Contact","PMID: 7621072"
"184","Hematopoietic Stem cells 1","B cells 1","FCER2","ITGAX_ITGB2",2.09643101428495e-07,0,"FCER2A_ITGAX_ITGB2","FCER2A - (ITGAX+ITGB2)","CD23","Cell-Cell Contact","PMID: 7621072"
"185","B cells 1","Hematopoietic Stem cells 1","FCER2","ITGAX_ITGB2",2.11604156193302e-07,0.02,"FCER2A_ITGAX_ITGB2","FCER2A - (ITGAX+ITGB2)","CD23","Cell-Cell Contact","PMID: 7621072"
"186","Hematopoietic Stem cells 1","Hematopoietic Stem cells 1","FCER2","ITGAX_ITGB2",8.10570586310777e-08,0.02,"FCER2A_ITGAX_ITGB2","FCER2A - (ITGAX+ITGB2)","CD23","Cell-Cell Contact","PMID: 7621072"
"187","Hematopoietic Stem cells 1","Hematopoietic Stem cells 2","FCER2","ITGAX_ITGB2",1.31112505661856e-07,0,"FCER2A_ITGAX_ITGB2","FCER2A - (ITGAX+ITGB2)","CD23","Cell-Cell Contact","PMID: 7621072"
"188","B cells 1","Hematopoietic Stem cells 3","FCER2","ITGAX_ITGB2",1.83717192510146e-07,0,"FCER2A_ITGAX_ITGB2","FCER2A - (ITGAX+ITGB2)","CD23","Cell-Cell Contact","PMID: 7621072"
"189","Hematopoietic Stem cells 1","Hematopoietic Stem cells 3","FCER2","ITGAX_ITGB2",7.03746747076858e-08,0,"FCER2A_ITGAX_ITGB2","FCER2A - (ITGAX+ITGB2)","CD23","Cell-Cell Contact","PMID: 7621072"
"190","Hematopoietic Stem cells 3","Hematopoietic Stem cells 3","FCER2","ITGAX_ITGB2",3.21916085979148e-08,0.01,"FCER2A_ITGAX_ITGB2","FCER2A - (ITGAX+ITGB2)","CD23","Cell-Cell Contact","PMID: 7621072"
"191","B cells 1","B cells 1","PTPRC","CD22",0.000399945350856426,0,"PTPRC_CD22","PTPRC - CD22","CD45","Cell-Cell Contact","PMID: 12115612"
"192","B cells 1","Hematopoietic Stem cells 1","PTPRC","CD22",0.000144888985795258,0.03,"PTPRC_CD22","PTPRC - CD22","CD45","Cell-Cell Contact","PMID: 12115612"
"193","Hematopoietic Stem cells 1","Hematopoietic Stem cells 1","CD99","CD99",0.00339697128842316,0,"CD99_CD99","CD99 - CD99","CD99","Cell-Cell Contact","KEGG: hsa04514"
"194","Hematopoietic Stem cells 3","Hematopoietic Stem cells 1","CD99","CD99",0.00175137966081332,0,"CD99_CD99","CD99 - CD99","CD99","Cell-Cell Contact","KEGG: hsa04514"
"195","Hematopoietic Stem cells 1","Hematopoietic Stem cells 3","CD99","CD99",0.00175137966081332,0,"CD99_CD99","CD99 - CD99","CD99","Cell-Cell Contact","KEGG: hsa04514"
"196","Hematopoietic Stem cells 3","Hematopoietic Stem cells 3","CD99","CD99",0.000902960447962579,0,"CD99_CD99","CD99 - CD99","CD99","Cell-Cell Contact","KEGG: hsa04514"
"197","Hematopoietic Stem cells 1","B cells 1","EFNA1","EPHA7",1.03104571948206e-08,0,"EFNA1_EPHA7","EFNA1 - EPHA7","EPHA","Cell-Cell Contact","PMID: 15114347"
"198","B cells 1","Hematopoietic Stem cells 1","EFNA1","EPHA7",8.56503684572995e-08,0,"EFNA1_EPHA7","EFNA1 - EPHA7","EPHA","Cell-Cell Contact","PMID: 15114347"
"199","Hematopoietic Stem cells 1","Hematopoietic Stem cells 1","EFNA1","EPHA7",8.51604052362522e-07,0,"EFNA1_EPHA7","EFNA1 - EPHA7","EPHA","Cell-Cell Contact","PMID: 15114347"
"200","Hematopoietic Stem cells 2","Hematopoietic Stem cells 1","EFNA1","EPHA7",6.60872992821586e-09,0,"EFNA1_EPHA7","EFNA1 - EPHA7","EPHA","Cell-Cell Contact","PMID: 15114347"
"201","Hematopoietic Stem cells 3","Hematopoietic Stem cells 1","EFNA1","EPHA7",8.31510227893144e-09,0,"EFNA1_EPHA7","EFNA1 - EPHA7","EPHA","Cell-Cell Contact","PMID: 15114347"
"202","Hematopoietic Stem cells 1","Hematopoietic Stem cells 3","EFNA1","EPHA7",1.05575500373877e-09,0.03,"EFNA1_EPHA7","EFNA1 - EPHA7","EPHA","Cell-Cell Contact","PMID: 15114347"
"203","Hematopoietic Stem cells 1","B cells 1","EFNA4","EPHA7",1.41757395870149e-08,0,"EFNA4_EPHA7","EFNA4 - EPHA7","EPHA","Cell-Cell Contact","PMID: 15114347"
"204","B cells 1","Hematopoietic Stem cells 1","EFNA4","EPHA7",4.31992730262617e-08,0,"EFNA4_EPHA7","EFNA4 - EPHA7","EPHA","Cell-Cell Contact","PMID: 15114347"
"205","Hematopoietic Stem cells 1","Hematopoietic Stem cells 1","EFNA4","EPHA7",1.17084824662322e-06,0,"EFNA4_EPHA7","EFNA4 - EPHA7","EPHA","Cell-Cell Contact","PMID: 15114347"
"206","Hematopoietic Stem cells 2","Hematopoietic Stem cells 1","EFNA4","EPHA7",1.24878262020391e-08,0,"EFNA4_EPHA7","EFNA4 - EPHA7","EPHA","Cell-Cell Contact","PMID: 15114347"
"207","Hematopoietic Stem cells 3","Hematopoietic Stem cells 1","EFNA4","EPHA7",4.48927477448433e-09,0,"EFNA4_EPHA7","EFNA4 - EPHA7","EPHA","Cell-Cell Contact","PMID: 15114347"
"208","Hematopoietic Stem cells 1","Hematopoietic Stem cells 2","EFNA4","EPHA7",2.21012448273414e-09,0,"EFNA4_EPHA7","EFNA4 - EPHA7","EPHA","Cell-Cell Contact","PMID: 15114347"
"209","Hematopoietic Stem cells 1","Hematopoietic Stem cells 3","EFNA4","EPHA7",1.45154652747607e-09,0.03,"EFNA4_EPHA7","EFNA4 - EPHA7","EPHA","Cell-Cell Contact","PMID: 15114347"
"210","B cells 1","B cells 1","EFNB1","EPHB4",6.92172810717273e-07,0,"EFNB1_EPHB4","EFNB1 - EPHB4","EPHB","Cell-Cell Contact","PMID: 15114347"
"211","Hematopoietic Stem cells 1","B cells 1","EFNB1","EPHB4",2.50831275607889e-07,0,"EFNB1_EPHB4","EFNB1 - EPHB4","EPHB","Cell-Cell Contact","PMID: 15114347"
"212","B cells 1","Hematopoietic Stem cells 1","EFNB1","EPHB4",3.34416345189451e-07,0,"EFNB1_EPHB4","EFNB1 - EPHB4","EPHB","Cell-Cell Contact","PMID: 15114347"
"213","Hematopoietic Stem cells 1","Hematopoietic Stem cells 1","EFNB1","EPHB4",1.21186612864892e-07,0,"EFNB1_EPHB4","EFNB1 - EPHB4","EPHB","Cell-Cell Contact","PMID: 15114347"
"214","B cells 1","Hematopoietic Stem cells 2","EFNB1","EPHB4",1.89919442801084e-07,0,"EFNB1_EPHB4","EFNB1 - EPHB4","EPHB","Cell-Cell Contact","PMID: 15114347"
"215","B cells 1","Hematopoietic Stem cells 3","EFNB1","EPHB4",1.02047482108517e-07,0,"EFNB1_EPHB4","EFNB1 - EPHB4","EPHB","Cell-Cell Contact","PMID: 15114347"
"216","Hematopoietic Stem cells 1","Hematopoietic Stem cells 3","EFNB1","EPHB4",3.69802160869736e-08,0.04,"EFNB1_EPHB4","EFNB1 - EPHB4","EPHB","Cell-Cell Contact","PMID: 15114347"
"217","Hematopoietic Stem cells 1","B cells 1","EFNB2","EPHB4",5.9894014316776e-10,0,"EFNB2_EPHB4","EFNB2 - EPHB4","EPHB","Cell-Cell Contact","PMID: 15114347"
"218","B cells 1","Hematopoietic Stem cells 1","EFNB2","EPHB4",5.9894014316776e-10,0,"EFNB2_EPHB4","EFNB2 - EPHB4","EPHB","Cell-Cell Contact","PMID: 15114347"
"219","Hematopoietic Stem cells 1","Hematopoietic Stem cells 1","EFNB2","EPHB4",2.89372228937689e-10,0,"EFNB2_EPHB4","EFNB2 - EPHB4","EPHB","Cell-Cell Contact","PMID: 15114347"
"220","Hematopoietic Stem cells 3","Hematopoietic Stem cells 1","EFNB2","EPHB4",8.83020699477885e-11,0.04,"EFNB2_EPHB4","EFNB2 - EPHB4","EPHB","Cell-Cell Contact","PMID: 15114347"
"221","Hematopoietic Stem cells 1","Hematopoietic Stem cells 3","EFNB2","EPHB4",8.83020699477886e-11,0.04,"EFNB2_EPHB4","EFNB2 - EPHB4","EPHB","Cell-Cell Contact","PMID: 15114347"
"222","B cells 1","B cells 1","GP1BA","ITGAM_ITGB2",1.76300648433405e-08,0.03,"GP1BA_ITGAM_ITGB2","GP1BA - (ITGAM+ITGB2)","GP1BA","Cell-Cell Contact","PMC2194217"
"223","Hematopoietic Stem cells 1","B cells 1","GP1BA","ITGAM_ITGB2",6.48126777318922e-09,0,"GP1BA_ITGAM_ITGB2","GP1BA - (ITGAM+ITGB2)","GP1BA","Cell-Cell Contact","PMC2194217"
"224","B cells 1","Hematopoietic Stem cells 1","GP1BA","ITGAM_ITGB2",6.82317331368901e-09,0.02,"GP1BA_ITGAM_ITGB2","GP1BA - (ITGAM+ITGB2)","GP1BA","Cell-Cell Contact","PMC2194217"
"225","Hematopoietic Stem cells 1","Hematopoietic Stem cells 1","GP1BA","ITGAM_ITGB2",2.50837496618838e-09,0.02,"GP1BA_ITGAM_ITGB2","GP1BA - (ITGAM+ITGB2)","GP1BA","Cell-Cell Contact","PMC2194217"
"226","B cells 1","Hematopoietic Stem cells 3","GP1BA","ITGAM_ITGB2",5.40750795660625e-09,0,"GP1BA_ITGAM_ITGB2","GP1BA - (ITGAM+ITGB2)","GP1BA","Cell-Cell Contact","PMC2194217"
"227","Hematopoietic Stem cells 1","Hematopoietic Stem cells 3","GP1BA","ITGAM_ITGB2",1.98793976863027e-09,0,"GP1BA_ITGAM_ITGB2","GP1BA - (ITGAM+ITGB2)","GP1BA","Cell-Cell Contact","PMC2194217"
"228","B cells 1","Hematopoietic Stem cells 3","ICAM1","ITGAX_ITGB2",5.68313508668061e-05,0,"ICAM1_ITGAX_ITGB2","ICAM1 - (ITGAX+ITGB2)","ICAM","Cell-Cell Contact","PMID: 16252253"
"229","Hematopoietic Stem cells 1","Hematopoietic Stem cells 3","ICAM1","ITGAX_ITGB2",2.06189603388299e-05,0,"ICAM1_ITGAX_ITGB2","ICAM1 - (ITGAX+ITGB2)","ICAM","Cell-Cell Contact","PMID: 16252253"
"230","Hematopoietic Stem cells 3","Hematopoietic Stem cells 3","ICAM1","ITGAX_ITGB2",1.06647314515108e-05,0,"ICAM1_ITGAX_ITGB2","ICAM1 - (ITGAX+ITGB2)","ICAM","Cell-Cell Contact","PMID: 16252253"
"231","B cells 1","Hematopoietic Stem cells 3","ICAM1","ITGAL_ITGB2",1.96109602873019e-05,0.01,"ICAM1_ITGAL_ITGB2","ICAM1 - (ITGAL+ITGB2)","ICAM","Cell-Cell Contact","KEGG: hsa04514"
"232","Hematopoietic Stem cells 1","Hematopoietic Stem cells 3","ICAM1","ITGAL_ITGB2",7.11505270560643e-06,0,"ICAM1_ITGAL_ITGB2","ICAM1 - (ITGAL+ITGB2)","ICAM","Cell-Cell Contact","KEGG: hsa04514"
"233","Hematopoietic Stem cells 3","Hematopoietic Stem cells 3","ICAM1","ITGAL_ITGB2",3.68012513470086e-06,0.01,"ICAM1_ITGAL_ITGB2","ICAM1 - (ITGAL+ITGB2)","ICAM","Cell-Cell Contact","KEGG: hsa04514"
"234","B cells 1","Hematopoietic Stem cells 3","ICAM2","ITGAL_ITGB2",5.51480770022416e-05,0.01,"ICAM2_ITGAL_ITGB2","ICAM2 - (ITGAL+ITGB2)","ICAM","Cell-Cell Contact","KEGG: hsa04514"
"235","Hematopoietic Stem cells 1","Hematopoietic Stem cells 3","ICAM2","ITGAL_ITGB2",1.99846949889001e-05,0.01,"ICAM2_ITGAL_ITGB2","ICAM2 - (ITGAL+ITGB2)","ICAM","Cell-Cell Contact","KEGG: hsa04514"
"236","Hematopoietic Stem cells 2","Hematopoietic Stem cells 3","ICAM2","ITGAL_ITGB2",3.37803581386772e-05,0.01,"ICAM2_ITGAL_ITGB2","ICAM2 - (ITGAL+ITGB2)","ICAM","Cell-Cell Contact","KEGG: hsa04514"
"237","Hematopoietic Stem cells 3","Hematopoietic Stem cells 3","ICAM2","ITGAL_ITGB2",1.03035278662495e-05,0.01,"ICAM2_ITGAL_ITGB2","ICAM2 - (ITGAL+ITGB2)","ICAM","Cell-Cell Contact","KEGG: hsa04514"
"238","B cells 1","Hematopoietic Stem cells 1","ICAM1","ITGAM_ITGB2",2.36038421518281e-07,0.04,"ICAM1_ITGAM_ITGB2","ICAM1 - (ITGAM+ITGB2)","ICAM","Cell-Cell Contact","KEGG: hsa04514"
"239","Hematopoietic Stem cells 1","Hematopoietic Stem cells 1","ICAM1","ITGAM_ITGB2",8.56371514428304e-08,0.04,"ICAM1_ITGAM_ITGB2","ICAM1 - (ITGAM+ITGB2)","ICAM","Cell-Cell Contact","KEGG: hsa04514"
"240","Hematopoietic Stem cells 3","Hematopoietic Stem cells 1","ICAM1","ITGAM_ITGB2",4.42942507942887e-08,0.01,"ICAM1_ITGAM_ITGB2","ICAM1 - (ITGAM+ITGB2)","ICAM","Cell-Cell Contact","KEGG: hsa04514"
"241","B cells 1","Hematopoietic Stem cells 3","ICAM1","ITGAM_ITGB2",1.87065102567499e-07,0.01,"ICAM1_ITGAM_ITGB2","ICAM1 - (ITGAM+ITGB2)","ICAM","Cell-Cell Contact","KEGG: hsa04514"
"242","Hematopoietic Stem cells 1","Hematopoietic Stem cells 3","ICAM1","ITGAM_ITGB2",6.78691307299753e-08,0,"ICAM1_ITGAM_ITGB2","ICAM1 - (ITGAM+ITGB2)","ICAM","Cell-Cell Contact","KEGG: hsa04514"
"243","Hematopoietic Stem cells 3","Hematopoietic Stem cells 3","ICAM1","ITGAM_ITGB2",3.51040667659094e-08,0.01,"ICAM1_ITGAM_ITGB2","ICAM1 - (ITGAM+ITGB2)","ICAM","Cell-Cell Contact","KEGG: hsa04514"
"244","B cells 1","Hematopoietic Stem cells 1","ICAM2","ITGAM_ITGB2",6.64351943637784e-07,0.04,"ICAM2_ITGAM_ITGB2","ICAM2 - (ITGAM+ITGB2)","ICAM","Cell-Cell Contact","KEGG: hsa04514"
"245","Hematopoietic Stem cells 1","Hematopoietic Stem cells 1","ICAM2","ITGAM_ITGB2",2.4074948176968e-07,0.04,"ICAM2_ITGAM_ITGB2","ICAM2 - (ITGAM+ITGB2)","ICAM","Cell-Cell Contact","KEGG: hsa04514"
"246","Hematopoietic Stem cells 2","Hematopoietic Stem cells 1","ICAM2","ITGAM_ITGB2",4.06941598077815e-07,0.04,"ICAM2_ITGAM_ITGB2","ICAM2 - (ITGAM+ITGB2)","ICAM","Cell-Cell Contact","KEGG: hsa04514"
"247","Hematopoietic Stem cells 3","Hematopoietic Stem cells 1","ICAM2","ITGAM_ITGB2",1.24123435237655e-07,0.04,"ICAM2_ITGAM_ITGB2","ICAM2 - (ITGAM+ITGB2)","ICAM","Cell-Cell Contact","KEGG: hsa04514"
"248","B cells 1","Hematopoietic Stem cells 3","ICAM2","ITGAM_ITGB2",5.2651045091295e-07,0.01,"ICAM2_ITGAM_ITGB2","ICAM2 - (ITGAM+ITGB2)","ICAM","Cell-Cell Contact","KEGG: hsa04514"
"249","Hematopoietic Stem cells 1","Hematopoietic Stem cells 3","ICAM2","ITGAM_ITGB2",1.9079814459416e-07,0.01,"ICAM2_ITGAM_ITGB2","ICAM2 - (ITGAM+ITGB2)","ICAM","Cell-Cell Contact","KEGG: hsa04514"
"250","Hematopoietic Stem cells 2","Hematopoietic Stem cells 3","ICAM2","ITGAM_ITGB2",3.22508282471443e-07,0.01,"ICAM2_ITGAM_ITGB2","ICAM2 - (ITGAM+ITGB2)","ICAM","Cell-Cell Contact","KEGG: hsa04514"
"251","Hematopoietic Stem cells 3","Hematopoietic Stem cells 3","ICAM2","ITGAM_ITGB2",9.8369977662733e-08,0.01,"ICAM2_ITGAM_ITGB2","ICAM2 - (ITGAM+ITGB2)","ICAM","Cell-Cell Contact","KEGG: hsa04514"
"252","Hematopoietic Stem cells 3","B cells 1","ICAM1","ITGAL",3.6645501981885e-06,0.03,"ICAM1_ITGAL","ICAM1 - ITGAL","ICAM","Cell-Cell Contact","PMID: 23602662"
"253","Hematopoietic Stem cells 3","Hematopoietic Stem cells 1","ICAM1","ITGAL",1.3294887433671e-06,0.02,"ICAM1_ITGAL","ICAM1 - ITGAL","ICAM","Cell-Cell Contact","PMID: 23602662"
"254","Hematopoietic Stem cells 3","B cells 1","ICAM1","SPN",2.6462048317537e-05,0.02,"ICAM1_SPN","ICAM1 - SPN","ICAM","Cell-Cell Contact","PMID: 1683685"
"255","Hematopoietic Stem cells 3","Hematopoietic Stem cells 1","ICAM1","SPN",9.58940560308285e-06,0.02,"ICAM1_SPN","ICAM1 - SPN","ICAM","Cell-Cell Contact","PMID: 1683685"
"256","Hematopoietic Stem cells 3","B cells 1","ITGB2","ICAM1",0.000104826566617043,0.01,"ITGB2_ICAM1","ITGB2 - ICAM1","ITGB2","Cell-Cell Contact","KEGG: hsa04514"
"257","Hematopoietic Stem cells 3","Hematopoietic Stem cells 1","ITGB2","ICAM1",3.80320320317799e-05,0,"ITGB2_ICAM1","ITGB2 - ICAM1","ITGB2","Cell-Cell Contact","KEGG: hsa04514"
"258","Hematopoietic Stem cells 3","Hematopoietic Stem cells 3","ITGB2","ICAM1",1.96712070440523e-05,0.01,"ITGB2_ICAM1","ITGB2 - ICAM1","ITGB2","Cell-Cell Contact","KEGG: hsa04514"
"259","Hematopoietic Stem cells 3","B cells 1","ITGB2","ICAM2",0.000293648546849987,0,"ITGB2_ICAM2","ITGB2 - ICAM2","ITGB2","Cell-Cell Contact","KEGG: hsa04514"
"260","Hematopoietic Stem cells 3","Hematopoietic Stem cells 1","ITGB2","ICAM2",0.000106413078419619,0,"ITGB2_ICAM2","ITGB2 - ICAM2","ITGB2","Cell-Cell Contact","KEGG: hsa04514"
"261","Hematopoietic Stem cells 3","Hematopoietic Stem cells 2","ITGB2","ICAM2",0.000179871241550117,0,"ITGB2_ICAM2","ITGB2 - ICAM2","ITGB2","Cell-Cell Contact","KEGG: hsa04514"
"262","Hematopoietic Stem cells 3","Hematopoietic Stem cells 3","ITGB2","ICAM2",5.48634902578659e-05,0,"ITGB2_ICAM2","ITGB2 - ICAM2","ITGB2","Cell-Cell Contact","KEGG: hsa04514"
"263","B cells 1","B cells 1","HLA-A","CD8A",0.0035675847344773,0,"HLA-A_CD8A","HLA-A - CD8A","MHC-I","Cell-Cell Contact","KEGG: hsa04514"
"264","Hematopoietic Stem cells 2","B cells 1","HLA-A","CD8A",0.00222797861412339,0,"HLA-A_CD8A","HLA-A - CD8A","MHC-I","Cell-Cell Contact","KEGG: hsa04514"
"265","Hematopoietic Stem cells 2","Hematopoietic Stem cells 1","HLA-A","CD8A",0.000786123285070279,0.04,"HLA-A_CD8A","HLA-A - CD8A","MHC-I","Cell-Cell Contact","KEGG: hsa04514"
"266","B cells 1","B cells 1","HLA-B","CD8A",0.0045795590656324,0,"HLA-B_CD8A","HLA-B - CD8A","MHC-I","Cell-Cell Contact","KEGG: hsa04514"
"267","Hematopoietic Stem cells 1","B cells 1","HLA-B","CD8A",0.00159204528536401,0.01,"HLA-B_CD8A","HLA-B - CD8A","MHC-I","Cell-Cell Contact","KEGG: hsa04514"
"268","B cells 1","Hematopoietic Stem cells 1","HLA-B","CD8A",0.00161604902309154,0,"HLA-B_CD8A","HLA-B - CD8A","MHC-I","Cell-Cell Contact","KEGG: hsa04514"
"269","B cells 1","Hematopoietic Stem cells 2","HLA-B","CD8A",0.00271824229715833,0,"HLA-B_CD8A","HLA-B - CD8A","MHC-I","Cell-Cell Contact","KEGG: hsa04514"
"270","B cells 1","B cells 1","HLA-C","CD8A",0.00377291824613141,0,"HLA-C_CD8A","HLA-C - CD8A","MHC-I","Cell-Cell Contact","KEGG: hsa04514"
"271","Hematopoietic Stem cells 1","B cells 1","HLA-C","CD8A",0.00139891846104995,0,"HLA-C_CD8A","HLA-C - CD8A","MHC-I","Cell-Cell Contact","KEGG: hsa04514"
"272","Hematopoietic Stem cells 2","B cells 1","HLA-C","CD8A",0.00231096629969379,0,"HLA-C_CD8A","HLA-C - CD8A","MHC-I","Cell-Cell Contact","KEGG: hsa04514"
"273","B cells 1","B cells 1","HLA-E","CD8A",0.00511519179914259,0,"HLA-E_CD8A","HLA-E - CD8A","MHC-I","Cell-Cell Contact","KEGG: hsa04514"
"274","Hematopoietic Stem cells 2","B cells 1","HLA-E","CD8A",0.00279139628402925,0,"HLA-E_CD8A","HLA-E - CD8A","MHC-I","Cell-Cell Contact","KEGG: hsa04514"
"275","B cells 1","Hematopoietic Stem cells 1","HLA-E","CD8A",0.0018051858038444,0,"HLA-E_CD8A","HLA-E - CD8A","MHC-I","Cell-Cell Contact","KEGG: hsa04514"
"276","B cells 1","Hematopoietic Stem cells 2","HLA-E","CD8A",0.00303641301996755,0,"HLA-E_CD8A","HLA-E - CD8A","MHC-I","Cell-Cell Contact","KEGG: hsa04514"
"277","B cells 1","B cells 1","HLA-F","CD8A",0.000514052179636609,0,"HLA-F_CD8A","HLA-F - CD8A","MHC-I","Cell-Cell Contact","KEGG: hsa04514"
"278","Hematopoietic Stem cells 1","B cells 1","HLA-F","CD8A",0.000186283485786809,0,"HLA-F_CD8A","HLA-F - CD8A","MHC-I","Cell-Cell Contact","KEGG: hsa04514"
"279","Hematopoietic Stem cells 2","B cells 1","HLA-F","CD8A",0.00031487710313791,0,"HLA-F_CD8A","HLA-F - CD8A","MHC-I","Cell-Cell Contact","KEGG: hsa04514"
"280","B cells 1","B cells 1","HLA-DPA1","CD4",0.00987929986757212,0,"HLA-DPA1_CD4","HLA-DPA1 - CD4","MHC-II","Cell-Cell Contact","KEGG: hsa04514"
"281","Hematopoietic Stem cells 2","B cells 1","HLA-DPA1","CD4",0.00679511986234328,0,"HLA-DPA1_CD4","HLA-DPA1 - CD4","MHC-II","Cell-Cell Contact","KEGG: hsa04514"
"282","Hematopoietic Stem cells 2","Hematopoietic Stem cells 1","HLA-DPA1","CD4",0.00226881362946986,0.01,"HLA-DPA1_CD4","HLA-DPA1 - CD4","MHC-II","Cell-Cell Contact","KEGG: hsa04514"
"283","Hematopoietic Stem cells 2","Hematopoietic Stem cells 2","HLA-DPA1","CD4",0.00415248606780525,0,"HLA-DPA1_CD4","HLA-DPA1 - CD4","MHC-II","Cell-Cell Contact","KEGG: hsa04514"
"284","Hematopoietic Stem cells 2","B cells 1","HLA-DPB1","CD4",0.0072791169782685,0,"HLA-DPB1_CD4","HLA-DPB1 - CD4","MHC-II","Cell-Cell Contact","KEGG: hsa04514"
"285","Hematopoietic Stem cells 2","Hematopoietic Stem cells 1","HLA-DPB1","CD4",0.0024311592422573,0,"HLA-DPB1_CD4","HLA-DPB1 - CD4","MHC-II","Cell-Cell Contact","KEGG: hsa04514"
"286","Hematopoietic Stem cells 2","Hematopoietic Stem cells 2","HLA-DPB1","CD4",0.00444829662418564,0,"HLA-DPB1_CD4","HLA-DPB1 - CD4","MHC-II","Cell-Cell Contact","KEGG: hsa04514"
"287","Hematopoietic Stem cells 2","B cells 1","HLA-DQA1","CD4",0.00329972484534264,0,"HLA-DQA1_CD4","HLA-DQA1 - CD4","MHC-II","Cell-Cell Contact","KEGG: hsa04514"
"288","Hematopoietic Stem cells 2","Hematopoietic Stem cells 1","HLA-DQA1","CD4",0.00109930971807309,0,"HLA-DQA1_CD4","HLA-DQA1 - CD4","MHC-II","Cell-Cell Contact","KEGG: hsa04514"
"289","Hematopoietic Stem cells 2","Hematopoietic Stem cells 2","HLA-DQA1","CD4",0.00201632278116029,0,"HLA-DQA1_CD4","HLA-DQA1 - CD4","MHC-II","Cell-Cell Contact","KEGG: hsa04514"
"290","Hematopoietic Stem cells 2","Hematopoietic Stem cells 3","HLA-DQA1","CD4",0.000507058593853772,0,"HLA-DQA1_CD4","HLA-DQA1 - CD4","MHC-II","Cell-Cell Contact","KEGG: hsa04514"
"291","B cells 1","B cells 1","HLA-DMA","CD4",0.0044503416631452,0,"HLA-DMA_CD4","HLA-DMA - CD4","MHC-II","Cell-Cell Contact","KEGG: hsa04514"
"292","Hematopoietic Stem cells 1","B cells 1","HLA-DMA","CD4",0.00161272569360371,0,"HLA-DMA_CD4","HLA-DMA - CD4","MHC-II","Cell-Cell Contact","KEGG: hsa04514"
"293","Hematopoietic Stem cells 2","B cells 1","HLA-DMA","CD4",0.00272600865510524,0,"HLA-DMA_CD4","HLA-DMA - CD4","MHC-II","Cell-Cell Contact","KEGG: hsa04514"
"294","B cells 1","B cells 1","HLA-DMB","CD4",0.0044503416631452,0,"HLA-DMB_CD4","HLA-DMB - CD4","MHC-II","Cell-Cell Contact","KEGG: hsa04514"
"295","Hematopoietic Stem cells 2","B cells 1","HLA-DMB","CD4",0.00272600865510524,0,"HLA-DMB_CD4","HLA-DMB - CD4","MHC-II","Cell-Cell Contact","KEGG: hsa04514"
"296","B cells 1","Hematopoietic Stem cells 2","HLA-DMB","CD4",0.00271938669573742,0.04,"HLA-DMB_CD4","HLA-DMB - CD4","MHC-II","Cell-Cell Contact","KEGG: hsa04514"
"297","Hematopoietic Stem cells 2","B cells 1","HLA-DQB1","CD4",0.00401475079574837,0,"HLA-DQB1_CD4","HLA-DQB1 - CD4","MHC-II","Cell-Cell Contact","KEGG: hsa04514"
"298","Hematopoietic Stem cells 2","Hematopoietic Stem cells 1","HLA-DQB1","CD4",0.00133812600194139,0,"HLA-DQB1_CD4","HLA-DQB1 - CD4","MHC-II","Cell-Cell Contact","KEGG: hsa04514"
"299","Hematopoietic Stem cells 2","Hematopoietic Stem cells 2","HLA-DQB1","CD4",0.00245327820370668,0,"HLA-DQB1_CD4","HLA-DQB1 - CD4","MHC-II","Cell-Cell Contact","KEGG: hsa04514"
"300","Hematopoietic Stem cells 2","Hematopoietic Stem cells 3","HLA-DQB1","CD4",0.00061754790949602,0,"HLA-DQB1_CD4","HLA-DQB1 - CD4","MHC-II","Cell-Cell Contact","KEGG: hsa04514"
"301","B cells 1","B cells 1","HLA-DRA","CD4",0.0195244652533955,0,"HLA-DRA_CD4","HLA-DRA - CD4","MHC-II","Cell-Cell Contact","KEGG: hsa04514"
"302","B cells 1","Hematopoietic Stem cells 2","HLA-DRA","CD4",0.0119325335632706,0,"HLA-DRA_CD4","HLA-DRA - CD4","MHC-II","Cell-Cell Contact","KEGG: hsa04514"
"303","B cells 1","B cells 1","HLA-DRB1","CD4",0.00778577319882623,0,"HLA-DRB1_CD4","HLA-DRB1 - CD4","MHC-II","Cell-Cell Contact","KEGG: hsa04514"
"304","Hematopoietic Stem cells 2","B cells 1","HLA-DRB1","CD4",0.00475600270704388,0,"HLA-DRB1_CD4","HLA-DRB1 - CD4","MHC-II","Cell-Cell Contact","KEGG: hsa04514"
"305","B cells 1","Hematopoietic Stem cells 2","HLA-DRB1","CD4",0.00475769017005545,0,"HLA-DRB1_CD4","HLA-DRB1 - CD4","MHC-II","Cell-Cell Contact","KEGG: hsa04514"
"306","B cells 1","B cells 1","HLA-DRB5","CD4",0.0044503416631452,0,"HLA-DRB5_CD4","HLA-DRB5 - CD4","MHC-II","Cell-Cell Contact","KEGG: hsa04514"
"307","Hematopoietic Stem cells 1","B cells 1","HLA-DRB5","CD4",0.00161272569360371,0,"HLA-DRB5_CD4","HLA-DRB5 - CD4","MHC-II","Cell-Cell Contact","KEGG: hsa04514"
"308","B cells 1","B cells 1","MPZL1","MPZL1",6.36675047846018e-07,0,"MPZL1_MPZL1","MPZL1 - MPZL1","MPZ","Cell-Cell Contact","KEGG: hsa04514"
"309","Hematopoietic Stem cells 1","B cells 1","MPZL1","MPZL1",1.60058541622416e-07,0,"MPZL1_MPZL1","MPZL1 - MPZL1","MPZ","Cell-Cell Contact","KEGG: hsa04514"
"310","B cells 1","Hematopoietic Stem cells 1","MPZL1","MPZL1",1.60058541622416e-07,0,"MPZL1_MPZL1","MPZL1 - MPZL1","MPZ","Cell-Cell Contact","KEGG: hsa04514"
"311","B cells 1","B cells 1","PECAM1","PECAM1",0.000770168890696333,0,"PECAM1_PECAM1","PECAM1 - PECAM1","PECAM1","Cell-Cell Contact","KEGG: hsa04514"
"312","B cells 1","B cells 1","SEMA4D","PLXNB1",5.30744799923058e-10,0,"SEMA4D_PLXNB1","SEMA4D - PLXNB1","SEMA4","Cell-Cell Contact","PMID: 27533782"
"313","Hematopoietic Stem cells 1","B cells 1","SEMA4D","PLXNB1",5.7571922564034e-10,0,"SEMA4D_PLXNB1","SEMA4D - PLXNB1","SEMA4","Cell-Cell Contact","PMID: 27533782"
"314","B cells 1","Hematopoietic Stem cells 1","SEMA4D","PLXNB1",5.75719225640342e-10,0,"SEMA4D_PLXNB1","SEMA4D - PLXNB1","SEMA4","Cell-Cell Contact","PMID: 27533782"
"315","Hematopoietic Stem cells 1","Hematopoietic Stem cells 1","SEMA4D","PLXNB1",6.245047027374e-10,0,"SEMA4D_PLXNB1","SEMA4D - PLXNB1","SEMA4","Cell-Cell Contact","PMID: 27533782"
"316","Hematopoietic Stem cells 2","Hematopoietic Stem cells 1","SEMA4D","PLXNB1",2.29452968015059e-10,0,"SEMA4D_PLXNB1","SEMA4D - PLXNB1","SEMA4","Cell-Cell Contact","PMID: 27533782"
"317","Hematopoietic Stem cells 3","Hematopoietic Stem cells 1","SEMA4D","PLXNB1",9.62391434176155e-11,0,"SEMA4D_PLXNB1","SEMA4D - PLXNB1","SEMA4","Cell-Cell Contact","PMID: 27533782"
"318","Hematopoietic Stem cells 1","Hematopoietic Stem cells 2","SEMA4D","PLXNB1",2.29452968015059e-10,0,"SEMA4D_PLXNB1","SEMA4D - PLXNB1","SEMA4","Cell-Cell Contact","PMID: 27533782"
"319","Hematopoietic Stem cells 1","Hematopoietic Stem cells 3","SEMA4D","PLXNB1",9.62391434176152e-11,0,"SEMA4D_PLXNB1","SEMA4D - PLXNB1","SEMA4","Cell-Cell Contact","PMID: 27533782"
"320","B cells 1","B cells 1","SEMA4D","PLXNB2",3.48665496746889e-11,0,"SEMA4D_PLXNB2","SEMA4D - PLXNB2","SEMA4","Cell-Cell Contact","PMID: 27533782"
"321","Hematopoietic Stem cells 1","B cells 1","SEMA4D","PLXNB2",3.78210828916201e-11,0,"SEMA4D_PLXNB2","SEMA4D - PLXNB2","SEMA4","Cell-Cell Contact","PMID: 27533782"
"322","B cells 1","Hematopoietic Stem cells 1","SEMA4D","PLXNB2",1.38089261536487e-11,0,"SEMA4D_PLXNB2","SEMA4D - PLXNB2","SEMA4","Cell-Cell Contact","PMID: 27533782"
"323","Hematopoietic Stem cells 1","Hematopoietic Stem cells 1","SEMA4D","PLXNB2",1.49790715043073e-11,0,"SEMA4D_PLXNB2","SEMA4D - PLXNB2","SEMA4","Cell-Cell Contact","PMID: 27533782"
"324","Hematopoietic Stem cells 1","Hematopoietic Stem cells 2","SEMA4D","PLXNB2",1.99266689403203e-11,0,"SEMA4D_PLXNB2","SEMA4D - PLXNB2","SEMA4","Cell-Cell Contact","PMID: 27533782"
"325","B cells 1","Hematopoietic Stem cells 3","SEMA4D","PLXNB2",6.51698475303039e-12,0,"SEMA4D_PLXNB2","SEMA4D - PLXNB2","SEMA4","Cell-Cell Contact","PMID: 27533782"
"326","Hematopoietic Stem cells 1","Hematopoietic Stem cells 3","SEMA4D","PLXNB2",7.06922316224145e-12,0,"SEMA4D_PLXNB2","SEMA4D - PLXNB2","SEMA4","Cell-Cell Contact","PMID: 27533782"
"327","B cells 1","B cells 1","SEMA4D","CD72",4.52900601380919e-07,0,"SEMA4D_CD72","SEMA4D - CD72","SEMA4","Cell-Cell Contact","PMID: 22325954"
"328","Hematopoietic Stem cells 1","B cells 1","SEMA4D","CD72",4.91276569826634e-07,0,"SEMA4D_CD72","SEMA4D - CD72","SEMA4","Cell-Cell Contact","PMID: 22325954"
"329","B cells 1","Hematopoietic Stem cells 1","SEMA4D","CD72",1.64123227334277e-07,0,"SEMA4D_CD72","SEMA4D - CD72","SEMA4","Cell-Cell Contact","PMID: 22325954"
"330","Hematopoietic Stem cells 1","Hematopoietic Stem cells 1","SEMA4D","CD72",1.78030004614291e-07,0,"SEMA4D_CD72","SEMA4D - CD72","SEMA4","Cell-Cell Contact","PMID: 22325954"
"331","B cells 1","Hematopoietic Stem cells 2","SEMA4D","CD72",2.77419365234582e-07,0,"SEMA4D_CD72","SEMA4D - CD72","SEMA4","Cell-Cell Contact","PMID: 22325954"
"332","Hematopoietic Stem cells 1","Hematopoietic Stem cells 2","SEMA4D","CD72",3.00926149668102e-07,0,"SEMA4D_CD72","SEMA4D - CD72","SEMA4","Cell-Cell Contact","PMID: 22325954"
"333","B cells 1","Hematopoietic Stem cells 3","SEMA4D","CD72",8.4617165649852e-08,0.02,"SEMA4D_CD72","SEMA4D - CD72","SEMA4","Cell-Cell Contact","PMID: 22325954"
"334","Hematopoietic Stem cells 1","Hematopoietic Stem cells 3","SEMA4D","CD72",9.17870958046e-08,0,"SEMA4D_CD72","SEMA4D - CD72","SEMA4","Cell-Cell Contact","PMID: 22325954"
